Keyword,Match type,Campaign,Ad group,Status
total loss car appraisal,broad,TX | Search | Total Loss Review | Leads,Total Loss Appraisal,Enabled
car insurance offer too low,phrase,TX | Search | Total Loss Review | Leads,Low Offer / Payout,Enabled
actual cash value too low,exact,TX | Search | Total Loss Review | Leads,Low Offer / Payout,Enabled
total loss appraisal,phrase,TX | Search | Total Loss Review | Leads,Total Loss Appraisal,Enabled
totaled car settlement low,phrase,TX | Search | Total Loss Review | Leads,Low Offer / Payout,Enabled
total loss offer too low,phrase,TX | Search | Total Loss Review | Leads,Low Offer / Payout,Enabled
dispute insurance total loss valuation,phrase,TX | Search | Total Loss Review | Leads,Total Loss Appraisal,Enabled
car total loss appraisal,phrase,TX | Search | Total Loss Review | Leads,Total Loss Appraisal,Enabled
totaled car payout too low,phrase,TX | Search | Total Loss Review | Leads,Low Offer / Payout,Enabled
total loss vehicle appraisal,broad,TX | Search | Total Loss Review | Leads,Total Loss Appraisal,Enabled
low insurance total loss offer,phrase,TX | Search | Total Loss Review | Leads,Total Loss Appraisal,Enabled
total loss appraisal texas,phrase,TX | Search | Total Loss Review | Leads,Total Loss Appraisal,Enabled
challenge total loss settlement,phrase,TX | Search | Total Loss Review | Leads,Low Offer / Payout,Enabled
totaled car appraisal texas,phrase,TX | Search | Total Loss Review | Leads,Total Loss Appraisal,Enabled
total loss appraisal insurance claim disputes,broad,TX | Search | Total Loss Review | Leads,Total Loss Appraisal,Enabled
audatex total loss valuation,broad,TX | Search | Total Loss Review | Leads,Total Loss Appraisal,Enabled
total loss evaluation,broad,TX | Search | Total Loss Review | Leads,Total Loss Appraisal,Enabled
totaled car appraisal,phrase,TX | Search | Total Loss Review | Leads,Total Loss Appraisal,Enabled
total loss offer too low,exact,TX | Search | Total Loss Review | Leads,Low Offer / Payout,Enabled
total loss appraiser texas,exact,TX | Search | Total Loss Review | Leads,Total Loss Appraisal,Enabled
challenge insurance total loss offer,phrase,TX | Search | Total Loss Review | Leads,Total Loss Appraisal,Enabled
insurance lowball offer car,phrase,TX | Search | Total Loss Review | Leads,Low Offer / Payout,Enabled
insurance payout too low for totaled car,phrase,TX | Search | Total Loss Review | Leads,Low Offer / Payout,Enabled
total loss appraisal,exact,TX | Search | Total Loss Review | Leads,Total Loss Appraisal,Enabled
car insurance total loss valuation,broad,TX | Search | Total Loss Review | Leads,Total Loss Appraisal,Enabled
vehicle total loss valuation,phrase,TX | Search | Total Loss Review | Leads,Total Loss Appraisal,Enabled
independent total loss appraisal,phrase,TX | Search | Total Loss Review | Leads,Total Loss Appraisal,Enabled
dispute total loss value,phrase,TX | Search | Total Loss Review | Leads,Low Offer / Payout,Enabled
insurance total loss appraiser,phrase,TX | Search | Total Loss Review | Leads,Total Loss Appraisal,Enabled
auto total loss appraisal,broad,TX | Search | Total Loss Review | Leads,Total Loss Appraisal,Enabled
total loss appraiser near me,phrase,TX | Search | Total Loss Review | Leads,Total Loss Appraisal,Enabled
total loss appraisal near me,broad,TX | Search | Total Loss Review | Leads,Total Loss Appraisal,Enabled
car total loss appraisal,exact,TX | Search | Total Loss Review | Leads,Total Loss Appraisal,Enabled
geico total loss settlement too low,phrase,TX | Search | Total Loss Review | Leads,CCC & Insurer Test,Enabled
ccc one valuation too low,phrase,TX | Search | Total Loss Review | Leads,CCC & Insurer Test,Enabled
ccc valuation dispute,phrase,TX | Search | Total Loss Review | Leads,CCC & Insurer Test,Enabled
usaa actual cash value too low,phrase,TX | Search | Total Loss Review | Leads,CCC & Insurer Test,Enabled
ccc valuation too low,exact,TX | Search | Total Loss Review | Leads,CCC & Insurer Test,Enabled
audatex total loss valuation,phrase,TX | Search | Total Loss Review | Leads,CCC & Insurer Test,Enabled
progressive total loss offer too low,phrase,TX | Search | Total Loss Review | Leads,CCC & Insurer Test,Enabled
ccc total loss valuation,phrase,TX | Search | Total Loss Review | Leads,CCC & Insurer Test,Enabled
state farm total loss value too low,phrase,TX | Search | Total Loss Review | Leads,CCC & Insurer Test,Enabled
usaa total loss offer too low,exact,TX | Search | Total Loss Review | Leads,CCC & Insurer Test,Enabled
