Campaign,Ad group,Ad type,Ad name,Status,Final URL,Path 1,Path 2,Headline 1,Headline 2,Headline 3,Headline 4,Headline 5,Headline 6,Headline 7,Headline 8,Headline 9,Headline 10,Headline 11,Headline 12,Headline 13,Headline 14,Headline 15,Description 1,Description 2,Description 3,Description 4
"Search | Competitor | TX | EN","AutoACV | Evaluation","Responsive search ad","RSA A | Review + Risk Reversal","Enabled","https://www.spurauto.com/compare-total-loss-appraisal-services.html?utm_source=google&utm_medium=cpc&utm_campaign=competitor_tx&utm_content=autoacv_evaluation&utm_term={keyword}&network={network}&device={device}&matchtype={matchtype}","compare","texas","Free Total Loss Review","Check Your Insurance Offer","Independent Vehicle Appraisal","Texas Total Loss Appraisals","Reports Starting at $99","48-Hour Standard Delivery","Review Before You Pay","Keep Control of Your Claim","Line-by-Line Valuation Audit","Local Market Comparables","Money-Back Guarantee","See If Your Offer Looks Low","Spur Auto Works for Drivers","Claim-Specific Support","Get a Clear Second Opinion","Send your insurer's offer for a free review and learn whether a closer look may help.","Independent reports start at $99 with market comparables and a line-by-line audit.","Standard delivery is 48 hours after your file is complete. For Texas drivers.","If our appraisal does not support a higher value, your report-package fee is refunded."
"Search | Competitor | TX | EN","AutoACV | Evaluation","Responsive search ad","RSA B | Evidence + Control","Paused","https://www.spurauto.com/compare-total-loss-appraisal-services.html?utm_source=google&utm_medium=cpc&utm_campaign=competitor_tx&utm_content=autoacv_evaluation&utm_term={keyword}&network={network}&device={device}&matchtype={matchtype}","compare","texas","Build a Stronger Value Case","Your Offer, Checked by Hand","Document the Vehicle's Value","Independent Market Research","A Report You Can Understand","Clear Evidence for Your Claim","Texas Vehicle Value Reports","Free Claim Review","Start With the Insurer Offer","Comparables and Corrections","Know What the Numbers Missed","Your Vehicle. Your Evidence.","Practical Claim Support","Reports Starting at $99","Spur Auto Total Loss Review","Upload your insurer's valuation and vehicle details. Spur Auto reviews each number.","Get a clear report with sourced comparables, adjustments, notes, and submission templates.","Choose Essential, Guided, or Specialty support. Delivery starts with a complete file.","Start with a free review. No payment details are required to send your claim information."
"Search | Competitor | TX | EN","TotalLoss.com | Evaluation","Responsive search ad","RSA A | Review + Risk Reversal","Enabled","https://www.spurauto.com/compare-total-loss-appraisal-services.html?utm_source=google&utm_medium=cpc&utm_campaign=competitor_tx&utm_content=totalloss_com_evaluation&utm_term={keyword}&network={network}&device={device}&matchtype={matchtype}","compare","texas","Free Total Loss Review","Check Your Insurance Offer","Independent Vehicle Appraisal","Texas Total Loss Appraisals","Reports Starting at $99","48-Hour Standard Delivery","Review Before You Pay","Keep Control of Your Claim","Line-by-Line Valuation Audit","Local Market Comparables","Money-Back Guarantee","See If Your Offer Looks Low","Spur Auto Works for Drivers","Claim-Specific Support","Get a Clear Second Opinion","Send your insurer's offer for a free review and learn whether a closer look may help.","Independent reports start at $99 with market comparables and a line-by-line audit.","Standard delivery is 48 hours after your file is complete. For Texas drivers.","If our appraisal does not support a higher value, your report-package fee is refunded."
"Search | Competitor | TX | EN","TotalLoss.com | Evaluation","Responsive search ad","RSA B | Evidence + Control","Paused","https://www.spurauto.com/compare-total-loss-appraisal-services.html?utm_source=google&utm_medium=cpc&utm_campaign=competitor_tx&utm_content=totalloss_com_evaluation&utm_term={keyword}&network={network}&device={device}&matchtype={matchtype}","compare","texas","Build a Stronger Value Case","Your Offer, Checked by Hand","Document the Vehicle's Value","Independent Market Research","A Report You Can Understand","Clear Evidence for Your Claim","Texas Vehicle Value Reports","Free Claim Review","Start With the Insurer Offer","Comparables and Corrections","Know What the Numbers Missed","Your Vehicle. Your Evidence.","Practical Claim Support","Reports Starting at $99","Spur Auto Total Loss Review","Upload your insurer's valuation and vehicle details. Spur Auto reviews each number.","Get a clear report with sourced comparables, adjustments, notes, and submission templates.","Choose Essential, Guided, or Specialty support. Delivery starts with a complete file.","Start with a free review. No payment details are required to send your claim information."
"Search | Competitor | TX | EN","TotalLossAppraiser.net | Evaluation","Responsive search ad","RSA A | Review + Risk Reversal","Enabled","https://www.spurauto.com/compare-total-loss-appraisal-services.html?utm_source=google&utm_medium=cpc&utm_campaign=competitor_tx&utm_content=totallossappraiser_evaluation&utm_term={keyword}&network={network}&device={device}&matchtype={matchtype}","compare","texas","Free Total Loss Review","Check Your Insurance Offer","Independent Vehicle Appraisal","Texas Total Loss Appraisals","Reports Starting at $99","48-Hour Standard Delivery","Review Before You Pay","Keep Control of Your Claim","Line-by-Line Valuation Audit","Local Market Comparables","Money-Back Guarantee","See If Your Offer Looks Low","Spur Auto Works for Drivers","Claim-Specific Support","Get a Clear Second Opinion","Send your insurer's offer for a free review and learn whether a closer look may help.","Independent reports start at $99 with market comparables and a line-by-line audit.","Standard delivery is 48 hours after your file is complete. For Texas drivers.","If our appraisal does not support a higher value, your report-package fee is refunded."
"Search | Competitor | TX | EN","TotalLossAppraiser.net | Evaluation","Responsive search ad","RSA B | Evidence + Control","Paused","https://www.spurauto.com/compare-total-loss-appraisal-services.html?utm_source=google&utm_medium=cpc&utm_campaign=competitor_tx&utm_content=totallossappraiser_evaluation&utm_term={keyword}&network={network}&device={device}&matchtype={matchtype}","compare","texas","Build a Stronger Value Case","Your Offer, Checked by Hand","Document the Vehicle's Value","Independent Market Research","A Report You Can Understand","Clear Evidence for Your Claim","Texas Vehicle Value Reports","Free Claim Review","Start With the Insurer Offer","Comparables and Corrections","Know What the Numbers Missed","Your Vehicle. Your Evidence.","Practical Claim Support","Reports Starting at $99","Spur Auto Total Loss Review","Upload your insurer's valuation and vehicle details. Spur Auto reviews each number.","Get a clear report with sourced comparables, adjustments, notes, and submission templates.","Choose Essential, Guided, or Specialty support. Delivery starts with a complete file.","Start with a free review. No payment details are required to send your claim information."
"Search | Competitor | TX | EN","Dallas Auto Appraisers | Evaluation","Responsive search ad","RSA A | Review + Risk Reversal","Enabled","https://www.spurauto.com/compare-total-loss-appraisal-services.html?utm_source=google&utm_medium=cpc&utm_campaign=competitor_tx&utm_content=dallas_auto_appraisers_evaluation&utm_term={keyword}&network={network}&device={device}&matchtype={matchtype}","compare","texas","Free Total Loss Review","Check Your Insurance Offer","Independent Vehicle Appraisal","Texas Total Loss Appraisals","Reports Starting at $99","48-Hour Standard Delivery","Review Before You Pay","Keep Control of Your Claim","Line-by-Line Valuation Audit","Local Market Comparables","Money-Back Guarantee","See If Your Offer Looks Low","Spur Auto Works for Drivers","Claim-Specific Support","Get a Clear Second Opinion","Send your insurer's offer for a free review and learn whether a closer look may help.","Independent reports start at $99 with market comparables and a line-by-line audit.","Standard delivery is 48 hours after your file is complete. For Texas drivers.","If our appraisal does not support a higher value, your report-package fee is refunded."
"Search | Competitor | TX | EN","Dallas Auto Appraisers | Evaluation","Responsive search ad","RSA B | Evidence + Control","Paused","https://www.spurauto.com/compare-total-loss-appraisal-services.html?utm_source=google&utm_medium=cpc&utm_campaign=competitor_tx&utm_content=dallas_auto_appraisers_evaluation&utm_term={keyword}&network={network}&device={device}&matchtype={matchtype}","compare","texas","Build a Stronger Value Case","Your Offer, Checked by Hand","Document the Vehicle's Value","Independent Market Research","A Report You Can Understand","Clear Evidence for Your Claim","Texas Vehicle Value Reports","Free Claim Review","Start With the Insurer Offer","Comparables and Corrections","Know What the Numbers Missed","Your Vehicle. Your Evidence.","Practical Claim Support","Reports Starting at $99","Spur Auto Total Loss Review","Upload your insurer's valuation and vehicle details. Spur Auto reviews each number.","Get a clear report with sourced comparables, adjustments, notes, and submission templates.","Choose Essential, Guided, or Specialty support. Delivery starts with a complete file.","Start with a free review. No payment details are required to send your claim information."
"Search | Competitor | TX | EN","Select Auto Appraisals | Evaluation","Responsive search ad","RSA A | Review + Risk Reversal","Paused","https://www.spurauto.com/compare-total-loss-appraisal-services.html?utm_source=google&utm_medium=cpc&utm_campaign=competitor_tx&utm_content=select_auto_appraisals_evaluation&utm_term={keyword}&network={network}&device={device}&matchtype={matchtype}","compare","texas","Free Total Loss Review","Check Your Insurance Offer","Independent Vehicle Appraisal","Texas Total Loss Appraisals","Reports Starting at $99","48-Hour Standard Delivery","Review Before You Pay","Keep Control of Your Claim","Line-by-Line Valuation Audit","Local Market Comparables","Money-Back Guarantee","See If Your Offer Looks Low","Spur Auto Works for Drivers","Claim-Specific Support","Get a Clear Second Opinion","Send your insurer's offer for a free review and learn whether a closer look may help.","Independent reports start at $99 with market comparables and a line-by-line audit.","Standard delivery is 48 hours after your file is complete. For Texas drivers.","If our appraisal does not support a higher value, your report-package fee is refunded."
"Search | Competitor | TX | EN","Select Auto Appraisals | Evaluation","Responsive search ad","RSA B | Evidence + Control","Paused","https://www.spurauto.com/compare-total-loss-appraisal-services.html?utm_source=google&utm_medium=cpc&utm_campaign=competitor_tx&utm_content=select_auto_appraisals_evaluation&utm_term={keyword}&network={network}&device={device}&matchtype={matchtype}","compare","texas","Build a Stronger Value Case","Your Offer, Checked by Hand","Document the Vehicle's Value","Independent Market Research","A Report You Can Understand","Clear Evidence for Your Claim","Texas Vehicle Value Reports","Free Claim Review","Start With the Insurer Offer","Comparables and Corrections","Know What the Numbers Missed","Your Vehicle. Your Evidence.","Practical Claim Support","Reports Starting at $99","Spur Auto Total Loss Review","Upload your insurer's valuation and vehicle details. Spur Auto reviews each number.","Get a clear report with sourced comparables, adjustments, notes, and submission templates.","Choose Essential, Guided, or Specialty support. Delivery starts with a complete file.","Start with a free review. No payment details are required to send your claim information."
"Search | Competitor | TX | EN","Collision Claims Advisors | Evaluation","Responsive search ad","RSA A | Review + Risk Reversal","Paused","https://www.spurauto.com/compare-total-loss-appraisal-services.html?utm_source=google&utm_medium=cpc&utm_campaign=competitor_tx&utm_content=collision_claims_advisors_evaluation&utm_term={keyword}&network={network}&device={device}&matchtype={matchtype}","compare","texas","Free Total Loss Review","Check Your Insurance Offer","Independent Vehicle Appraisal","Texas Total Loss Appraisals","Reports Starting at $99","48-Hour Standard Delivery","Review Before You Pay","Keep Control of Your Claim","Line-by-Line Valuation Audit","Local Market Comparables","Money-Back Guarantee","See If Your Offer Looks Low","Spur Auto Works for Drivers","Claim-Specific Support","Get a Clear Second Opinion","Send your insurer's offer for a free review and learn whether a closer look may help.","Independent reports start at $99 with market comparables and a line-by-line audit.","Standard delivery is 48 hours after your file is complete. For Texas drivers.","If our appraisal does not support a higher value, your report-package fee is refunded."
"Search | Competitor | TX | EN","Collision Claims Advisors | Evaluation","Responsive search ad","RSA B | Evidence + Control","Paused","https://www.spurauto.com/compare-total-loss-appraisal-services.html?utm_source=google&utm_medium=cpc&utm_campaign=competitor_tx&utm_content=collision_claims_advisors_evaluation&utm_term={keyword}&network={network}&device={device}&matchtype={matchtype}","compare","texas","Build a Stronger Value Case","Your Offer, Checked by Hand","Document the Vehicle's Value","Independent Market Research","A Report You Can Understand","Clear Evidence for Your Claim","Texas Vehicle Value Reports","Free Claim Review","Start With the Insurer Offer","Comparables and Corrections","Know What the Numbers Missed","Your Vehicle. Your Evidence.","Practical Claim Support","Reports Starting at $99","Spur Auto Total Loss Review","Upload your insurer's valuation and vehicle details. Spur Auto reviews each number.","Get a clear report with sourced comparables, adjustments, notes, and submission templates.","Choose Essential, Guided, or Specialty support. Delivery starts with a complete file.","Start with a free review. No payment details are required to send your claim information."
